{
"1": [0,0.370457752690068,0.718992547186453,0.872739901217147,0.962294937378727,1,0.984736064561652,0.982007408714059,0.933779105662374,0.895748809313812,0.855717498677015,0.784987431645794,0.734851825718821,0.674518213088729,0.645820470982536,0.581143058740519,0.540990474510495,0.501416696066326,0.441728038454754,0.420665020285765,0.367778708766978],
"2": [0,0.199428855619279,0.504979258025427,0.735976964764299,0.879187372459552,0.94928379994553,0.980807259493746,1,0.997274532170783,0.984566865731732,0.975985885194848,0.951056044775825,0.925465066251959,0.901062162770228,0.872276012330719,0.85338127735829,0.821514420704872,0.788992346586356,0.755100631140197,0.725730310912528,0.693589131284266,0.662649841524209,0.637039127534527,0.608283097092862,0.586503568768055,0.55008660282227,0.525867830477032,0.501558277205469,0.472030794168519,0.450424933702771,0.428375036097382,0.404063724114241,0.383565657624254,0.357532106730262,0.340013926675231],
"3": [0,0.117692403209659,0.367961640948628,0.676720097242191,0.83146962913754,0.910950880121251,0.955502090282768,0.980335135452962,0.997096319653115,0.999707457905949,1,0.99843391368694,0.993546489561089,0.985420253999835,0.973084577342334,0.957891893220483,0.946203192258278,0.92646939225833,0.909693790080341,0.89491236249615,0.882220947507547,0.862053165082135,0.843263474974426,0.826606552415234,0.806089073222539,0.791813744636368,0.771324629856937,0.752495563228792,0.734623373574857,0.717217593747322,0.699413077348,0.681093746193499,0.660535377945367,0.643698532703885,0.632040374456198,0.609108165314892,0.591429321219913,0.575438265002148,0.554857429787488,0.538053304759184,0.51386883861872,0.502552180246786,0.473411404239669,0.459754624333825,0.433332761534577,0.422237179681342]
}