{
"1": [0.0204527356786146,0.0779053450602788,0.137989139535046,0.177044121566255,0.19861781375375,0.209964457414394,0.215988745670606,0.218478329880872,0.21839005324018,0.217528152555272,0.214887344069708,0.212412917230128,0.207984301059849,0.204050882196542,0.199204068767888,0.194155045249495,0.189379136446568,0.18413744827522,0.179219830106055,0.17420076776593,0.168582537498737,0.164115723656747,0.158772812053166,0.15363958255026,0.149217194688774,0.144208104589066,0.139447870778938,0.13464521049256,0.129896162728411,0.125666808282078,0.121292353156972,0.117500745869217,0.112858863133718,0.109514068240935,0.105357415081754,0.101671539476415,0.0981896914059876,0.0942983428804498,0.0909348778336151,0.0872032551809284,0.0840861059847645,0.0807549863106307,0.077390110102549,0.0774040008781277,0.0746373121558615,0.0716301171804812,0.068797927029156,0.0659457408574268,0.0632415416022705,0.0608449363935545,0.0579008558485111,0.0556016195059849,0.0525634479560665,0.0508424812863173,0.0477996290014206,0.0457918955842049,0.0443014641111742,0.0431140668097659,0.0406639842341471,0.0393178520654624,0.0365177316067711,0.0359898277328928,0.0343296042258424,0.0293547023259365,0.0276520695680286,0.0256723032130705,0.0236451821611113,0.0231837402943855,0.0218607348188751,0.0220896927343278,0.0206835980314374,0.0200800161463861,0.0194253568396711,0.0168648153014138,0.0156440910212645,0.0165746510232105,0.0138945888581928,0.0123649064372039,0.0148738666312133,0.0124234789236134,0.00945587163753618,0.00908290775043038,0.00730274614761659,0.005499742664964,0.00373701210592534,0.00230653271691308,0.000486798598358516,-0.000687596530757469,-0.00238707860756563],
"2": [-0.00382822194156499,0.0106620810468127,0.0398732553137773,0.0629988633559138,0.0755236415808465,0.0823354182955432,0.0849449383556746,0.0851022644626637,0.0851436647618667,0.0832711967767965,0.0808587388880358,0.078374747441069,0.0749252289860592,0.0718130663267591,0.068181772768329,0.0649041268015189,0.0613315431575456,0.0579311242985984,0.0546089532677638,0.0508597515451655,0.0476559127890016,0.0446390909152136,0.0412741009778891,0.0384276131622615,0.0358021075695705,0.0330441940605518,0.0310010566251423,0.0288045595787775,0.0270278214196052,0.0245612359579086,0.0219448150710949,0.0203927550343628,0.0182305030489986,0.016827038750798,0.0149434709981865,0.0149641218433651,0.0150929836200771,0.0136838065870737,0.0122327151565116,0.0109346793836997,0.0105985925293138,0.0102201298647761,0.0131493527432777,0.0111187516245777,0.0106575349891792,0.0116578768362635,0.0132433608773637,0.0146164140356029,0.0152037689918342,0.0148920390272212,0.0185514048951547,0.0174603879580324,0.0190040153891282,0.0193356143824897,0.0188703116591651],
"3": [0.000828933843282245,0.0126713704678479,0.0276984795702574,0.0375380182335438,0.0458405302284269,0.0518863736575829,0.0565424737392511,0.0591448899476499,0.063464427828977,0.0729544580487133,0.0806340305140755,0.0856426524517018,0.0887805829457557,0.0908771465491407,0.0925896968361219,0.0922757626854735,0.0916760676235493,0.0902126354217062,0.0886002149715026,0.0869875911478102,0.08446116886265,0.0826465565335641,0.0803697084393157,0.0778662408890109,0.0758188409845245,0.0728648601365214,0.0710132951770714,0.0699728817670702,0.0682245477414344,0.0661927580892922,0.0653660162233149,0.0635933004993272,0.0619817567584617,0.0600643723715887,0.0573024971999697,0.0547820059677504,0.0525964303859985,0.0501238525850498,0.0476322630397234,0.046158531835636,0.0438212604253662,0.0413947322387955,0.0396994276652896,0.0376626648543161,0.0351624687855175,0.0333854738043141,0.0308844953847068,0.0364547267893565,0.0341934261278201,0.0314504724314033,0.0305192772868251,0.0203758082383431,0.0288392728436952,0.0386078323694471,0.0367803266532507,0.0334666329896026,0.0311095337422138,0.0297978865155811,0.027270033773711,0.0249063870530002,0.013180885777385,0.0100867645173448,0.00669173462091357,0.00609971388725518,0.00586162873821363,0.00484228008852859,0.00436591390651972,0.0027313032070843,0.00181406620459557,-0.00162192620257829],
"4": [-0.00371160101433152,0.0330410519696473,0.0821456072837102,0.117030719889407,0.13950556253913,0.153950273032403,0.163554716955115,0.174828615970798,0.181240051667476,0.185990017408142,0.186094203013683,0.185650998780083,0.184002384823086,0.180584722989896,0.181140415188728,0.177806281007643,0.190461014841583,0.211097225061492,0.227504801755328,0.255205846382999,0.275674557640107,0.285763455476888,0.290741359368062,0.293768603296211,0.295878405980993,0.294879116701646,0.293333487792801,0.289670158996333,0.286002111238039,0.281972814193718,0.275932131198395,0.272816480409457,0.266448903884973,0.262035539052134,0.255064369338848,0.248995914404043,0.244576493011057,0.237734448145863,0.23341592685086,0.226157600110002,0.22027590069067,0.215123322163413,0.209011944680683,0.202189535131838,0.196386065797299,0.188975189941935,0.183842041173009,0.176270665002597,0.173115718473542,0.167592577073856,0.16299691577941,0.157392556019757,0.150817845113875,0.143721291091439,0.13796100823879,0.130539793667043,0.125023235488433,0.14295259219602,0.135713030886038,0.128868206206196,0.120905765085304,0.112565200256425,0.10619158989178,0.099697423647694,0.0924028616235934,0.0858426026509672,0.0799367935308917,0.0736224127630252,0.0669492186448542,0.0609066787009569,0.0549874910834264,0.050877512071231,0.0448254467602788,0.0406338196224337,0.0428917427113867,0.0369290972898522,0.0308332052022944,0.0249575323914194,0.0213614931898976,0.0154524310558138,0.0065742245724277,0.00485977449361642,0.00252691771342318,-0.00124422819118274,0.00209917217020922,0.0022404070321806,-0.000261033101508126,-0.00242124814232907,-0.00387863214441262,-0.002785031514148]
}